{"mean": [0.4893122357430218, 0.7131900196452793, -1.872668197189311e-07, 0.5270077439520856, 0.6159671310254996, -0.0837112776211483, 0.5473036254910256, 0.48412942371780066, -0.11686688706156523, 0.5219902364041308, 0.387914739838607, -0.13906965231298463, 0.48284357222292923, 0.3388885543286372, -0.14924730433116787, 0.5393801605958732, 0.31719757955280137, -0.07986482032129781, 0.5293314558567761, 0.2032287976831841, -0.1424570942256958, 0.5263859972893763, 0.2182381812724278, -0.17570479864069502, 0.5268582814888988, 0.2328402691286245, -0.19050088531334328, 0.503459313533289, 0.32857421463985237, -0.06769186005276032, 0.4932019225985026, 0.23277136556964984, -0.13152028042881703, 0.5030497125370039, 0.2726225959740097, -0.15327524990178376, 0.512212056436127, 0.2905496043052605, -0.15737247769436097, 0.46877341547029483, 0.3655148010459735, -0.06512573230071513, 0.45840993686545667, 0.2990938500105906, -0.1402186365102974, 0.4828996937909572, 0.3643912903696513, -0.14850843065305658, 0.5008786118073429, 0.4031243669043342, -0.13556090793647743, 0.4370024413942433, 0.41685067252289476, -0.0685650163673521, 0.43701092521492524, 0.3623272026828725, -0.1217255243159271, 0.4574948927695803, 0.3938352154956447, -0.12025893563302083, 0.47117339522718527, 0.4153332078306795, -0.10603682600868793], "scale": [0.13173170959229039, 0.13368795040287912, 1.4170220780276582e-06, 0.17077439113167464, 0.12037327126319325, 0.12026394544493987, 0.22988374230537675, 0.11104796212844144, 0.15940104748545636, 0.22418898214166938, 0.12807456265877515, 0.18255462041921502, 0.23019047566501533, 0.14628425936800607, 0.20808211415489586, 0.16203936762159668, 0.11043838426910234, 0.1340291668246405, 0.16938645013971143, 0.10058448890132435, 0.17528137492362242, 0.20983516568845517, 0.10924380787228526, 0.20659515534130016, 0.2413081613797555, 0.15222411364791333, 0.22731204226210125, 0.11344682705930532, 0.10442532383490705, 0.10920105807661555, 0.11394757192265845, 0.1057286552141644, 0.16421947289178368, 0.15193837507815647, 0.1283827249106749, 0.18585144162637612, 0.17140082598364703, 0.16906713402797582, 0.19500645760194388, 0.16598474313718647, 0.10420636012539504, 0.11807263972949841, 0.16315670757481707, 0.12188929533452428, 0.1763842839722037, 0.1494619910409637, 0.13770169488246, 0.18540305925161263, 0.13989147300139695, 0.15629694162567206, 0.18046293522231796, 0.24208982193385964, 0.11083760614810934, 0.15301109891793954, 0.2328168446400437, 0.12535434261548253, 0.1916571628230347, 0.21124425594172133, 0.14920849503089453, 0.19667050454601598, 0.20176481784327732, 0.1751019215242422, 0.1958928672071173], "var": [0.01735324331210753, 0.017872468082922664, 2.0079515696178224e-12, 0.029163892666394197, 0.014489724434602306, 0.014463416573983473, 0.05284653497632486, 0.012331649892879763, 0.02540869393946071, 0.05026069971371776, 0.01640309360023652, 0.03332618943640368, 0.05298765508688601, 0.021399084538846074, 0.043298166231171116, 0.02625675665920696, 0.012196636719969912, 0.01796381755970731, 0.02869176949093295, 0.010117239407540642, 0.030723560395115486, 0.04403079675950143, 0.011934209558436774, 0.04268155821049595, 0.05822962874847812, 0.023172180775892837, 0.051670764557367306, 0.012870182569823932, 0.010904648258025205, 0.011924871085052363, 0.01298404914706942, 0.011178548533395654, 0.026968035276855276, 0.023085269821390555, 0.016482124055490027, 0.0345407583546023, 0.02937824314787645, 0.02858369580843354, 0.03802751850645874, 0.027550934954317777, 0.01085896549058352, 0.013941148252691927, 0.02662011122665437, 0.014857000317146882, 0.031111415632386997, 0.02233888676592911, 0.01896175677350211, 0.03437429437985698, 0.019569624218500576, 0.02442873396153874, 0.032566870989054524, 0.05860748188396787, 0.012284974936643404, 0.023412396392075478, 0.054203683148146255, 0.01571371121255978, 0.03673246806137523, 0.04462413566837147, 0.022263174989384477, 0.03867928735838449, 0.04070904171933088, 0.030660682921481875, 0.038374015422625286]}